"RTitle","FolderName","Year","PagePDFName","PageVisibleName"
"Pesticides Used","YieldBook2007","2007","Yield Book 2007 Final5.pdf","4"
"Pesticides Used","YieldBook2007","2007","Yield Book 2007 Final5.pdf","4"
"Pesticides Used","YieldBook2008","2009","YieldBook2008_Part05.pdf","4"
"Pesticides Used","YieldBook2008","2009","YieldBook2008_Part05.pdf","4"
"Pesticides Used","YieldBook2009","2010","YieldBook2009_05.pdf","4"
"Pesticides Used","YieldBook2009","2010","YieldBook2009_06.pdf","5"
"Pesticides Used","YieldBook2009","2010","YieldBook2009_05.pdf","4"
"Pesticides Used","YieldBook2009","2010","YieldBook2009_06.pdf","5"
"Pesticides Used","YieldBook2009","2010","YieldBook2009_05.pdf","4"
"Pesticides Used","YieldBook2009","2010","YieldBook2009_06.pdf","5"
"Pesticides Used","YieldBook2010","2011","YieldBook2010_05.pdf","4"
"Pesticides Used","YieldBook2010","2011","YieldBook2010_06.pdf","5"
"Pesticides Used","YieldBook2010","2011","YieldBook2010_05.pdf","4"
"Pesticides Used","YieldBook2010","2011","YieldBook2010_06.pdf","5"
"Pesticides Used","YieldBook2011","2012","YieldBook2011_05.pdf","4"
"Pesticides Used","YieldBook2011","2012","YieldBook2011_06.pdf","5"
"Pesticides Used","YieldBook2011","2012","YieldBook2011_05.pdf","4"
"Pesticides Used","YieldBook2011","2012","YieldBook2011_06.pdf","5"
"Pesticides Used","YieldBook2012","2013","YieldBook2012_05.pdf","4"
"Pesticides Used","YieldBook2012","2013","YieldBook2012_06.pdf","5"
"Pesticides Used","YieldBook2012","2013","YieldBook2012_05.pdf","4"
"Pesticides Used","YieldBook2012","2013","YieldBook2012_06.pdf","5"
"Pesticides Used","YieldBook2013","2014","YieldBook2013_05.pdf","4"
"Pesticides Used","YieldBook2013","2014","YieldBook2013_06.pdf","5"
"Pesticides Used","YieldBook2013","2014","YieldBook2013_05.pdf","4"
"Pesticides Used","YieldBook2013","2014","YieldBook2013_06.pdf","5"
"Pesticides Used","YieldBook2014","2015","YieldBook2014_06.pdf","5"
"Pesticides Used","YieldBook2014","2015","YieldBook2014_07.pdf","6"
"Pesticides Used","YieldBook2014","2015","YieldBook2014_06.pdf","5"
"Pesticides Used","YieldBook2014","2015","YieldBook2014_07.pdf","6"
"Pesticides Used","YieldBook2015","2016","YieldBook2015_06.pdf","5"
"Pesticides Used","YieldBook2015","2016","YieldBook2015_07.pdf","6"
"Pesticides Used","YieldBook2015","2016","YieldBook2015_06.pdf","5"
"Pesticides Used","YieldBook2015","2016","YieldBook2015_07.pdf","6"
"Pesticides Used","YieldBook2015","2016","YieldBook2015_06.pdf","5"
"Pesticides Used","YieldBook2015","2016","YieldBook2015_07.pdf","6"
"Pesticides Used","YieldBook2015","2016","YieldBook2015_06.pdf","5"
"Pesticides Used","YieldBook2015","2016","YieldBook2015_07.pdf","6"
"Pesticides Used","YieldBook2015","2016","YieldBook2015_06.pdf","5"
"Pesticides Used","YieldBook2015","2016","YieldBook2015_07.pdf","6"
